{
  "auc": 0.7529137529137528,
  "confusion_matrix": {
    "categories": [
      "tip<20%",
      "tip>=20%"
    ],
    "matrix": [
      [
        166,
        29
      ],
      [
        19,
        36
      ]
    ]
  },
  "roc_curve": {
    "fpr": [
      0.0,
      0.14871794871794872,
      1.0
    ],
    "tpr": [
      0.0,
      0.6545454545454545,
      1.0
    ],
    "thresholds": [
      2.0,
      1.0,
      0.0
    ]
  }
}